index,expected,predicted,correct,risk,score,semantic_source,llm_confidence,reason
0,True,True,True,high,12,groq_llama,0.8,"Urgency to act quickly | Threat of missing out on a 'revolution' | Use of sensational language ('shocking power', 'groundbreaking study') | Implication of exclusivity ('we do recommend the 6 month supply') | Use of a generic 'Click here' link"
1,True,True,True,high,12,groq_llama,0.8,"Urgency: The email creates a sense of urgency with the phrase 'Cheat your way into Ivy League' | Social Engineering: The email tries to manipulate the recipient into clicking on a link by creating a sense of exclusivity and prestige | Impersonation: The email is impersonating CNN, but the sender's email address is suspicious (issemma1977@it-energy.ru) | The email asks the recipient to click on a link to manage their settings, which could potentially lead to phishing | The email is impersonating CNN, but the sender's email address is suspicious (issemma1977@it-energy.ru)"
2,True,True,True,high,12,groq_llama,0.8,"Urgency (24/7 store open) | Emotional appeal (perfect sex, enhance sexual life) | Lack of personalization (generic greeting) | Suspicious link (http instead of https) | Potential phishing attempt ( Viagra and online pharmacy store)"
3,False,False,True,low,0,groq_llama,0.0,The email appears to be a genuine discussion about a technical issue with Nvidia compiz.
4,False,False,True,low,0,groq_llama,0.0,The email is a discussion thread from a mailing list and does not contain any suspicious language or intent.
5,False,True,False,medium,5,groq_llama,0.0,The email contains a long and complex conversation that may be used to distract the recipient and make them more susceptible to a potential phishing attack. | The email is a reply to a previous conversation and may be used to impersonate a legitimate sender. | The email's content and structure are unusual and may be indicative of a phishing attempt.
6,True,True,True,high,10,groq_llama,0.8,"Urgency (Try it today) | Emotional appeal (nothing to lose, lot to gain) | Testimonials from satisfied men and their girlfriends | Guaranteed results (up to 13 inches) | Impersonation of a reputable news source (foxnews.com)"
7,False,False,True,low,1,groq_llama,0.0,Sender uses a free email provider
8,False,True,False,medium,5,groq_llama,0.5,"The email is attempting to gather information about the organization's standard practices. | The sender is impersonating a colleague or someone familiar to the recipient. | The email's intent is to gather information, and the sender is impersonating a colleague."
9,True,True,True,high,8,groq_llama,0.7,"Urgency is not explicitly stated, but the email is trying to engage the user with a list of top 10 videos and stories. | The email is trying to create a sense of curiosity and interest in the user by providing a list of sensational and attention-grabbing headlines. | The email is impersonating CNN.com, but the sender's email address is not a legitimate CNN.com email address. | The email is trying to create a sense of trust by including a link to CNN.com's feedback page and privacy guidelines. | The email is semantically suspicious due to its attempt to engage the user with sensational and attention-grabbing headlines, and its attempt to impersonate CNN.com."
10,True,True,True,medium,5,groq_llama,0.0,"Urgency is not explicitly mentioned, but the email is trying to engage the user with a list of top 10 videos and stories. | The email is impersonating CNN.com, but the sender's email address is not a legitimate CNN.com address. | The email is trying to engage the user with a list of top 10 videos and stories, but the sender's email address is not legitimate."
11,False,False,True,low,0,groq_llama,0.0,
12,False,False,True,low,3,groq_llama,0.0,"Sender uses a free email provider | {'indicator': ""The sender's email address is not a typical opensuse email address, but rather a Gmail address."", 'confidence': 0.5} | The email appears to be a genuine question from a user seeking help with a technical issue."
13,True,True,True,high,8,groq_llama,0.7,"Urgency is not explicitly stated, but the email is trying to engage the user with a list of top 10 videos and stories. | The email is trying to create a sense of curiosity and interest in the user. | The sender's email address is not a typical CNN.com email address. | The email is trying to impersonate CNN.com by using their logo and branding. | The email is trying to engage the user with a list of top 10 videos and stories, and is using CNN.com's branding to impersonate the news organization."
14,False,True,False,high,12,groq_llama,0.8,Urgency: The email tries to create a sense of urgency by mentioning 'Todays most active topics' | Impersonation: The email is trying to impersonate a legitimate Google Groups notification | Urgency: The email mentions '9 new' and '2 new' messages to create a sense of urgency | Social Engineering: The email asks the recipient to add a suspicious domain to their mailing list | The email contains a link to a suspicious domain (STAMPOFFERSdomainsbyproxy com)
15,False,False,True,low,0,groq_llama,0.0,The email appears to be a genuine discussion about technical details of a server and does not contain any suspicious language or intent.
16,True,True,True,high,12,groq_llama,0.8,"Urgency is implied by the phrase 'large gt ment Does It Work Order' | Lack of clear language and grammatical errors | Unusual sender email address | Potential phishing attempt to gather sensitive information | Sender claims to be Gerald Mcmanus, but email address is suspicious"
17,False,False,True,low,1,groq_llama,0.0,Sender uses a free email provider
18,True,True,True,high,12,groq_llama,0.8,"Urgency: The email creates a sense of urgency by referencing a specific date (Fri 8 Aug 2008) to make the recipient feel like they need to act quickly. | Impersonation: The email is impersonating CNN, but the sender's email address (erolocit@mitsuichem.com) is not a legitimate CNN email address. | Lack of personalization: The email address is not personalized to the recipient, which is unusual for a legitimate email from a news organization. | The email asks the recipient to click on a link to manage their settings, which could potentially lead to a phishing site that steals their credentials. | The email is impersonating CNN, but the sender's email address is not a legitimate CNN email address."
19,True,False,False,low,0,groq_llama,0.0,
20,False,False,True,low,0,groq_llama,0.0,
21,True,True,True,high,8,groq_llama,0.7,"Urgency: The email creates a sense of urgency by mentioning a limited-time offer. | Personalization: The email uses a personalized greeting, but the recipient's name is likely generated randomly. | Lack of context: The email does not provide any context about the sender or the company. | Impersonation: The email may be impersonating a company or organization, but the sender's email address does not match any known companies. | The email's language and structure are typical of phishing emails, and it may be attempting to steal sensitive information or credentials."
22,False,False,True,low,0,groq_llama,0.0,
23,True,True,True,high,7,groq_llama,0.7,"Sender email is missing | Threat of regret to create a sense of urgency | Use of a psychologist endorsed products to gain trust | The email uses a sense of urgency and tries to gain trust with a psychologist endorsed product, but the link is not provided and the email body contains a suspicious link."
24,True,True,True,high,12,groq_llama,0.8,Urgency: None | Threat: None | Impersonation: None | Urgency: No deadline mentioned | Social engineering: Attempt to create a sense of urgency with a 'sale'
25,True,True,True,high,12,groq_llama,0.8,"Urgency is implied by the subject 'Re:' which may indicate a sense of importance or time sensitivity | The email contains a quote that may be used to create a sense of familiarity or trust | The email contains a suspicious link that is not provided, but the presence of a link is implied by the URL in the body | The email may be attempting to trick the recipient into clicking on a link that could lead to a phishing site | The sender's email address 'patentd0@waynesusedparts.com' may be a spoofed or fake email address"
26,True,True,True,high,12,groq_llama,0.8,Urgency: None | Threat: None | Impersonation: Possible (unsolicited offer) | Language: Informal and suspicious | Intent: Phishing or scam
27,True,True,True,high,10,groq_llama,0.8,"Unusual link in the email body | Lack of context for the link | No clear indication of impersonation, but unusual sender email | The email contains a suspicious link and an unusual sender email, which may be indicative of a phishing attempt."
28,False,False,True,low,0,groq_llama,0.0,
29,False,False,True,low,2,groq_llama,0.0,"{'indicator': ""The sender's email address is wqbf@boost-consulting.com, which may be a legitimate email address for the sender."", 'confidence': 0.5} | The email appears to be a legitimate discussion about a bug in a software project."
30,True,True,True,high,10,groq_llama,0.8,Urgency is implied by the use of 'Click Here' | The email uses a sensational claim to grab attention ('Is proved to be effective !') | The email uses a promise of a solution to a common problem ('solve in a safe and inexpensive way') | The email uses a sense of exclusivity and confidentiality ('Secure online ordering process discreet packing security of your private information are guaranteed') | The sender's email address is not a standard format for a company email address ('dwvisualhealthm@visualhealth.com')
31,True,True,True,high,12,groq_llama,0.8,"Urgency is not explicitly mentioned, but the tone is persuasive and attention-grabbing | The email uses a personal and relatable scenario to build trust | The language is informal and colloquial, which is unusual for a legitimate business email | The email does not explicitly ask for credentials, but it may be a phishing attempt to gather personal information | The sender's email address is not a typical business email address, and the name 'Isabel Carr' is not associated with any known legitimate business"
32,True,True,True,medium,5,groq_llama,0.5,"Urgency is not explicitly stated, but the use of 'Protected message' may imply a sense of importance | The sender's email address is from a legitimate company (Davivienda), but the sender's name is not a standard company name | The email's subject and body suggest a secure message, but the sender's name and email address combination is unusual"
33,True,True,True,high,12,groq_llama,0.8,"Urgency to update payment information to prevent ads from being suspended | Request to sign into account to update payment information | Impersonation of Google AdWords | The email creates a sense of urgency and asks the recipient to sign into their account, which could be a phishing attempt."
34,False,False,True,low,1,groq_llama,0.0,Sender uses a free email provider | The email appears to be a genuine patch update notification from a developer.
35,False,False,True,low,0,groq_llama,0.0,The email appears to be a genuine discussion about laptop options and does not contain any suspicious language or intent.
36,False,False,True,low,0,groq_llama,0.0,
37,False,False,True,low,0,groq_llama,0.0,
38,False,True,False,high,12,groq_llama,0.8,"Urgency: The email mentions a spam issue that needs to be addressed immediately. | Impersonation: The email is written in a way that makes it seem like a genuine discussion about a spam issue, but it may be a phishing attempt. | Social Engineering: The email tries to create a sense of community by addressing 'all' and using a casual tone. | The email contains links to blogspot domains, which could be used to steal credentials or spread malware. | The email is written in a way that makes it seem like a genuine discussion about a spam issue, but it may be a phishing attempt."
39,True,True,True,medium,5,groq_llama,0.0,"Urgency is not present in the email, but it contains a large amount of links to various news articles, which could be used to spread malware or phishing attacks. | The email is impersonating CNN.com, but the sender's email address is not a legitimate CNN.com email address. | The email contains a large amount of links to various news articles, which could be used to spread malware or phishing attacks. Additionally, the sender's email address is not a legitimate CNN.com email address."
40,True,True,True,high,11,groq_llama,0.8,"Sender email is missing | Threat of regret to create a sense of urgency | Use of a generic threat to create fear | Lack of sender information (Chope <> is not a valid email address) | The email contains a suspicious link and a generic threat to create a sense of urgency, and the sender is not a valid email address."
41,False,False,True,low,1,groq_llama,0.0,"Sender uses a free email provider | The email appears to be a genuine conversation thread about a feature suggestion, with no signs of phishing or malicious intent."
42,True,True,True,high,9,groq_llama,1.0,"Sender email is missing | Urgency: None | Threat: None | Impersonation: None | Urgency and Threat indicators are missing, but the email contains a suspicious and explicit subject line and body."
43,True,True,True,high,10,groq_llama,0.8,"Urgency (price drop) | Greed-based appeal (Luxury isnt a sin) | Lack of personalization | Suspicious sender email (FannyharpTackett@kdhnews.com) | Impersonation of luxury watch brands (Rolex, JaegerLeCoultre, Tag Heuer)"
44,False,False,True,low,0,groq_llama,0.0,
45,False,False,True,low,1,groq_llama,0.0,Sender uses a free email provider | The email is a legitimate discussion on a mailing list and does not contain any suspicious language or intent.
46,True,True,True,high,12,groq_llama,0.8,"Urgency (limited offer until 30th of September) | Personal interest (health and personal life) | Lack of professionalism (informal greeting and closing) | Impersonation of a company (herrespectcom) | Suspicious link (none provided, but a link is mentioned)"
47,True,True,True,high,10,groq_llama,0.8,"Urgency (SAVE Big!) | Implication of a deal that is too good to be true (999 inc delivery) | Use of a well-known brand (Rolex) to create a sense of legitimacy | Impersonation of a person (Kenneth Johnson) with a suspicious email address (JamesbudweiserGarcia@merriam-webster.com) | The email uses social engineering tactics to create a sense of urgency and legitimacy, and the sender's email address is suspicious."
48,False,True,False,high,12,groq_llama,0.8,"Urgency: The email asks the recipient to follow the sender on Twitter and send a direct message within a short time frame. | Impersonation: The email is sent from a Twitter account but claims to be from SpamExperts, a different company. | Social Engineering: The email asks the recipient to turn off email notifications, which could be a tactic to gain trust and access to the recipient's account. | The email asks the recipient to send a direct message from their phone or IM, which could potentially be used to steal credentials. | The email is sent from a Twitter account but claims to be from SpamExperts, a different company."
49,True,True,True,medium,5,groq_llama,0.0,"Urgency is not explicitly mentioned, but the email is trying to engage the user with a list of top 10 videos and stories. | The sender's email address is not a legitimate CNN email address, but rather a communityhospice.com email address. | The email is trying to impersonate CNN, but the sender's email address is not legitimate."
50,False,False,True,low,0,rule_based_fallback,0.0,"Fallback rule-based semantic analysis used. Error: Error code: 413 - {'error': {'message': 'Request too large for model `llama-3.1-8b-instant` in organization `org_01kttv52w2e3j8empj554mdk6k` service tier `on_demand` on tokens per minute (TPM): Limit 6000, Requested 7414, please reduce your message size and try again. Need more tokens? Upgrade to Dev Tier today at https://console.groq.com/settings/billing', 'type': 'tokens', 'code': 'rate_limit_exceeded'}}"
51,False,False,True,low,0,groq_llama,0.0,
52,True,True,True,high,12,groq_llama,0.8,"Urgency: The email creates a sense of urgency by not providing a clear reason for the alert. | Impersonation: The email is impersonating CNN, but the sender's email address is suspicious (Greger-runsasv{@protibet.org). | Lack of personalization: The email address is not personalized, which is unusual for a custom alert. | The email asks the recipient to click on a link to manage their settings, which could potentially lead to phishing. | The email is impersonating CNN, but the sender's email address is suspicious (Greger-runsasv{@protibet.org)."
53,False,False,True,low,1,groq_llama,0.0,Sender uses a free email provider | The email is a legitimate discussion on a mailing list and does not contain any suspicious language or intent.
54,False,False,True,low,0,groq_llama,0.0,
55,True,True,True,high,12,groq_llama,0.8,"Urgency: The email creates a sense of urgency by mentioning a limited-time offer. | Personalization: The email uses a seemingly personalized greeting, but the recipient's name is actually a hash value. | Lack of context: The email's subject and body do not provide any clear context about the sender's identity or purpose. | Phishing link: The email contains a suspicious link that may be used for phishing or credential theft. | Impersonation: The email may be an attempt to impersonate a legitimate company or service, as it uses a generic greeting and a vague offer."
56,False,False,True,low,0,groq_llama,0.0,The email appears to be a legitimate project update from a mailing list.
57,True,True,True,high,12,groq_llama,0.8,Urgency is implied by the use of 'Exclusive' | The email uses a vague and enticing subject line | The sender's email address is suspicious and may be spoofed | The email may be a phishing attempt to steal login credentials | The email may be impersonating a legitimate medical organization
58,False,False,True,low,0,groq_llama,0.0,
59,True,True,True,high,10,groq_llama,0.8,"Urgency and sensational language to grab attention | Promise of unrealistic results (increasing manhood in a few weeks) | Use of surveys as a credibility indicator (likely fabricated) | Impersonation of a medical professional (Jeffry Rich) or a reputable organization (docbook.org) | The email uses sensational language and makes unrealistic promises to sell a product, and may be attempting to impersonate a medical professional or reputable organization."
60,False,False,True,low,2,groq_llama,0.0,"{'indicator': 'The email is from an address that may be spoofed (xqldp@catherders.com) or not a well-known domain', 'confidence': 0.5} | The email discusses a legitimate issue with spam and provides a valid reason for the recipient to be cautious with their email."
61,True,True,True,high,10,groq_llama,0.8,"Urgency: The email creates a sense of urgency with the phrase 'I will die if you do not help me now'. | Threat: The email implies a threat if the recipient does not take action. | Impersonation: The email is impersonating CNN, but the sender's email address is not a legitimate CNN email address. | The email is impersonating CNN, but the sender's email address is not a legitimate CNN email address. | The email's language and content are suspicious, and it may be a phishing attempt."
62,True,True,True,high,8,groq_llama,0.7,"Urgency is implied but not explicitly stated | The email uses a common health issue (ED) to grab attention | The email promises a solution to a common problem | The sender's email address is not a typical corporate email address | The email's language and intent are designed to grab attention and encourage the recipient to visit a website, which could be a phishing site."
63,True,True,True,high,10,groq_llama,0.8,"Urgency is implied with the phrase 'Good Bye' | The email uses a sense of authority with the mention of reputable news sources (CNN, BBC, OPRAH, CBS) | The email uses a sense of exclusivity with the phrase 'the Miracle Weight Loss Supplement of the new century' | The sender's email address is from a university domain, which could be a legitimate email address, but the content of the email is suspicious | The email's content and structure are designed to create a sense of urgency and authority, which is a common tactic used in phishing emails."
64,True,True,True,high,10,groq_llama,0.8,Urgency is implied but not explicitly stated | Emotional appeal (satisfy your lover) | Sense of exclusivity (once you tried 100 safe VPXL) | Sense of guaranteed results | Lack of personalization or relevance to the recipient
65,False,False,True,low,0,groq_llama,0.0,"The email appears to be a genuine discussion on a mailing list, with no signs of phishing or malicious intent."
66,True,True,True,high,10,groq_llama,0.8,Urgency is implied by the use of 'permanent discounts' | The email tries to create a sense of trust by mentioning 'famous' and 'legal' pharmacies | The use of 'CHEAP pills' is an attempt to create a sense of urgency and desire | The sender's email address is not a typical domain for a pharmacy | The email does not clearly state the sender's identity or affiliation
67,False,False,True,low,0,rule_based_fallback,0.0,"Fallback rule-based semantic analysis used. Error: Expecting ',' delimiter: line 16 column 16 (char 503)"
68,True,True,True,high,12,groq_llama,0.8,"Urgency: The email tries to create a sense of urgency by not providing a clear reason for the immediate action. | Impersonation: The sender's email address does not match the typical format of a company or organization. | Suspicious subject: The subject line contains a product name and a generic term, which could be a tactic to bypass spam filters. | The email contains a link to a potentially malicious website, which could be used to steal credentials. | The sender's email address does not match the typical format of a company or organization."
69,False,False,True,low,0,groq_llama,0.0,
70,True,True,True,high,12,groq_llama,0.8,"Urgency: The email tries to create a sense of urgency by providing a list of top 10 news stories. | Impersonation: The email is impersonating CNN.com, but the sender's email address is suspicious. | Lack of personalization: The email does not address the recipient by name, which is unusual for a news organization like CNN.com. | The email contains a link to manage settings, which could be a phishing attempt to steal login credentials. | The email is impersonating CNN.com, but the sender's email address is suspicious."
71,False,False,True,low,2,groq_llama,0.0,"{'indicator': 'The email is from an unknown sender (Constant Brouerius van Nidek <tskfjdim@indo.net.id>)', 'confidence': 0.5} | The email is a genuine inquiry for help with a technical issue, but the sender is unknown."
72,False,False,True,low,0,groq_llama,0.0,
73,True,True,True,high,10,groq_llama,0.8,"Urgency: The email tries to create a sense of urgency by providing a list of top 10 videos and stories, which may encourage the recipient to click on the links without verifying their authenticity. | Impersonation: The email is impersonating CNN.com, but the sender's email address is not a legitimate CNN.com email address (balcita_1967@melonjello.com). | The email is semantically suspicious due to its attempt to impersonate CNN.com and create a sense of urgency."
74,False,True,False,medium,5,groq_llama,0.5,"Urgency: The email creates a sense of urgency by mentioning a 'critical' outage. | Impersonation: The email is impersonating a news source (CNET News.com) to gain trust. | The email is impersonating a news source (CNET News.com) to gain trust. | The email is impersonating a legitimate company (RIM) to create a sense of authenticity. | The email's language and intent are suspicious, as it is trying to create a sense of urgency and impersonate a legitimate news source."
75,False,False,True,low,0,groq_llama,0.0,The email appears to be a legitimate academic call for papers and does not exhibit any suspicious language or intent.
76,True,True,True,high,12,groq_llama,0.8,Urgency (implied by 'Fast Cash Payday Loans') | Lack of personalization (addressing recipient as 'East Coast to the West Coast or anywhere in between') | Suspicious link (httploanfinanccom) | Request for financial information (implied by 'apply for Fast Cash Payday Loans') | Impersonation of a legitimate financial institution (Payday Loans)
77,False,False,True,low,0,groq_llama,0.0,
78,False,True,False,medium,6,groq_llama,0.0,"Sender uses a free email provider | The email asks for help, which is a common tactic used in phishing emails to gain trust. | The email is from a Gmail account, but the sender claims to be a user of SquirrelMail, which could be a fake identity. | The email's content and sender's identity are inconsistent, and it asks for help, which is a common phishing tactic."
79,False,False,True,low,0,groq_llama,0.0,
80,True,True,True,high,10,groq_llama,0.8,"Urgency: The email creates a sense of urgency by stating 'Dont wait anymore to implement these changes'. | Social Engineering: The email uses a social engineering tactic by appealing to the recipient's desire for 'masculine power enhancement'. | Grammar and Spelling: The email contains grammatical errors and typos, which is uncommon in legitimate emails. | Impersonation: The email is sent from a sender claiming to be 'Mindy Hutchison' but the domain 'axa.de' is not associated with the name 'Mindy Hutchison'. | Domain Spoofing: The email domain 'axa.de' is a legitimate domain, but it's being used in a suspicious context."
81,True,True,True,high,12,groq_llama,0.8,Urgency: None | Threat: None | Impersonation: The email is trying to impersonate a person (Katerina) for a dating purpose | Social Engineering: The email is trying to trick the recipient into clicking on a suspicious link | None
82,True,True,True,medium,5,groq_llama,0.0,"Urgency is not present in the email, but it's trying to engage the user with a list of top 10 stories. | The email is impersonating CNN.com, but the sender's email address is not a legitimate CNN.com address. | The email is trying to engage the user with a list of top 10 stories, but it's not a legitimate email from CNN.com."
83,False,True,False,high,8,groq_llama,0.7,"Urgency to cancel posting | Request to visit a URL for confirmation | Impersonation of Python-3000 list moderator | The email creates a sense of urgency and requests the user to visit a URL for confirmation, which could be a phishing attempt."
84,False,False,True,low,0,groq_llama,0.0,
85,True,True,True,high,10,groq_llama,0.8,"Urgency: The email creates a sense of urgency with the phrase 'Try it today'. | Social Proof: The email uses a phrase 'you have nothing to lose just a lot to gain' to create a false sense of security. | Emotional Manipulation: The email uses a sensational topic to emotionally manipulate the recipient. | Impersonation: The email does not appear to be from a legitimate sender, and the sender's email address is suspicious. | The email's subject and body suggest a phishing attempt, and the sender's email address is suspicious."
86,False,False,True,low,0,groq_llama,1.0,The email is a legitimate discussion on a mailing list and does not contain any suspicious language or intent.
87,True,True,True,high,10,groq_llama,0.8,Urgency: None | Threat: None | Impersonation: None | Language: Informal and promotional | Intent: Sales or scam
88,False,False,True,low,0,groq_llama,0.0,
89,True,True,True,high,8,groq_llama,0.8,"Urgency and threats to deploy something | Use of a personal and intimate topic to gain attention | Use of a link to a potentially malicious website | The email contains suspicious language and intent, likely attempting to socially engineer the recipient into clicking on a malicious link."
90,True,True,True,high,10,groq_llama,0.8,"Urgency is implied by the promise of 'incredible and quick gains' | The email uses a sensational and exaggerated tone to grab attention | The email promises a 'guaranteed' result, which is a common tactic used in phishing emails | The sender's name is Eric Gonzalez, but the email address is not associated with this name | The email address is not a legitimate business email address"
91,False,False,True,low,0,groq_llama,1.0,
92,False,False,True,low,1,groq_llama,0.0,Sender uses a free email provider
93,True,True,True,high,10,groq_llama,0.8,Urgency (limited-time offer) | Personal life and health concern to create a sense of trust | Impersonal greeting (Dear b397284a3ba289837e5fd86e84cf6dbe) | Impersonal greeting (Dear b397284a3ba289837e5fd86e84cf6dbe) | Unusual sender name (carlo jonah) and email address (cedric1@orange.fr)
94,True,True,True,high,10,groq_llama,0.8,Urgency is implied with 'quick shipment' | Emotional appeal with 'safe and convinient shopping' | Lack of personalization with generic greeting | Impersonation of a pharmacy or chemist shop | Use of a suspicious email address 'djohnson2@smurfit.com'
95,False,False,True,low,1,groq_llama,0.0,Sender uses a free email provider
96,False,False,True,low,0,groq_llama,0.0,
97,True,True,True,high,10,groq_llama,0.8,"Urgency is implied with the phrase 'Finally your new healthy life' | The use of a generic greeting and a vague promise to 'Find your love stick gain here' | The presence of a suspicious link with a random URL | The sender claims to be 'administrator@aba-uk.org', but the email content is unrelated to the organization's typical communication | The email's language and content are overly promotional and lack clarity, indicating potential phishing intent."
98,True,True,True,high,12,groq_llama,0.8,Urgency is implied by the subject line 'MoreinfoNewProductsSoftTabs' | The sender is using a generic email address that may be spoofed | The email body contains a suspicious link that may be a phishing attempt | The email may be attempting to trick the recipient into revealing sensitive information | The sender's email address may be spoofed to impersonate a legitimate company or individual
99,False,True,False,medium,5,groq_llama,0.5,"Urgency is not explicitly mentioned, but the tone is playful and attention-grabbing | The email asks the recipient to click on a link to update their details, which could be a phishing attempt | The sender's email address is 'uiaregi@hell.co.nz', which may be a spoofed email address | The email's subject and body are attention-grabbing and may be attempting to social engineer the recipient"
100,True,True,True,high,10,groq_llama,0.8,"Urgency is implied by the promise of 'amazing growth within just a few short weeks' | The email uses a sensational and attention-grabbing subject line and body | The email tries to create a sense of FOMO (fear of missing out) by implying that traditional methods don't work | The sender's email address appears to be spoofed (CristinadrowsyWaddell@hiltoncc.com) and does not match the display name (Meredith Dupree) | The email's language and intent are designed to manipulate the recipient into clicking on a link or taking some other action, and the impersonation indicator suggests that the sender may be trying to trick the recipient into divulging sensitive information."
101,True,True,True,medium,5,groq_llama,0.5,"Lack of personalization in the greeting | Generic subject line | Unverified sender email address | The email has a generic subject line and lacks personalization, which could be indicative of a phishing attempt. Additionally, the sender's email address is unverified."
102,False,False,True,low,1,groq_llama,0.0,Sender uses a free email provider
103,False,False,True,low,0,groq_llama,0.0,
104,False,False,True,low,1,groq_llama,1.0,Sender uses a free email provider | The email appears to be a genuine discussion thread from a community forum.
105,False,False,True,low,0,groq_llama,0.0,The email appears to be a legitimate call for papers for a conference.
106,True,True,True,high,8,groq_llama,0.8,"Urgency is not present, but the email is trying to create a sense of interest with a provocative subject line. | The email is using a generic and attention-grabbing phrase to entice the recipient. | The email's subject line and body are attempting to create a sense of interest and curiosity, which is a common tactic used in phishing emails."
107,True,True,True,high,11,groq_llama,0.8,"Sender email is missing | Urgency is not explicitly mentioned, but the promise of immediate attraction may create a sense of urgency in the recipient's mind. | The email uses a sensational and attention-grabbing subject line and body to create a sense of excitement and curiosity. | The sender's email address is not a legitimate email address, it's likely a fake or spoofed address. | The email contains a suspicious link and the sender's email address is not legitimate."
108,False,True,False,medium,6,groq_llama,0.0,"Sender uses a free email provider | The email contains a conversation thread with ambiguous and unclear language. | The sender is trying to gauge the recipient's opinion on a movie, which could be a tactic to build rapport and gain trust. | The email is from a sender with a Gmail address, but the conversation thread suggests a personal relationship with the recipient. | The sender's email address is not clearly linked to a legitimate organization or company."
109,False,False,True,low,0,groq_llama,0.0,
110,False,False,True,low,0,groq_llama,0.0,
111,True,True,True,high,10,groq_llama,0.8,Urgency (limited proposal until 30th of October) | Personal life and health concern to create a sense of trust | Impersonal greeting (Dear bbaf0d8f5091008654f086221f7bb1f9) | Unusual sender name (abeu iago) and email address (shimaree@tnics.net) | Suspicious link (traditionstreetcom)
112,False,False,True,low,2,groq_llama,0.0,"{'indicator': ""The email is from a sender with a potentially legitimate email address (cpan.org) but the name 'Jerry D. Hedden' could be a red herring.""} | The email appears to be a legitimate discussion about a patch for a Perl issue."
113,False,False,True,low,2,groq_llama,0.0,"{'indicator': 'The email is from a sender with a potentially fake email address (passdelwx@gmx.de) that does not match the displayed name (A. Pagaltzis)'} | The email is a discussion about Perl 5 and Perl 6, and does not contain any suspicious language or intent."
114,True,True,True,high,10,groq_llama,0.8,"Urgency is implied by the use of 'absolutely reasonable' to create a sense of FOMO (fear of missing out) | The sender's email address is from a non-standard domain (lille.iufm.fr), which may be a spoofed address | The email contains a suspicious link and a potential phishing attempt"
115,False,False,True,low,2,groq_llama,0.0,"{'indicator': ""The sender's email address 'kzrffxg@fandomhome.com' does not match the name 'Michael R. Bernstein'"", 'confidence': 0.8} | The sender's email address does not match the name, which could be an impersonation attempt."
116,True,True,True,high,12,groq_llama,0.8,"Urgency is not explicitly stated, but the email is trying to engage the user with a sense of curiosity and interest in current events. | The email is trying to create a sense of FOMO (fear of missing out) by providing a list of top 10 videos and stories. | The email is trying to create a sense of trust by using the CNN logo and branding. | The email contains a link to manage settings, which could potentially be used to phish for credentials. | The email contains a link to unsubscribe, which could potentially be used to phish for credentials."
117,True,True,True,high,11,groq_llama,0.8,Sender email is missing | Urgency is implied by the use of a sensational subject line and a link to a potentially attractive offer | The email attempts to create a sense of FOMO (fear of missing out) by implying that women will do anything for the ice cream | The sender's email address is likely spoofed and does not match a legitimate email address | The email's language and intent are likely to deceive the recipient into clicking on a malicious link or providing sensitive information
118,False,False,True,low,2,groq_llama,0.0,"{'indicator': 'The email is from a mailing list (PythonDev) and not a personal account', 'confidence': 0.5} | The email is discussing a technical topic and does not contain any suspicious language or requests."
119,True,True,True,high,10,groq_llama,0.8,"Urgency is not explicitly mentioned, but the use of 'Enormous choice' might create a sense of excitement and encourage the user to click on a link. | The email contains a suspicious link with a misspelled URL (httppickrealcom) and a potential typo in the domain name (pickrealcom). | The sender claims to be Lara Souza, but the domain name (ceo-ag.de) does not seem to be related to a well-known company or a personal email address. | The email contains a suspicious link and the sender's email address seems to be impersonating a CEO."
120,True,True,True,high,10,groq_llama,0.8,"Urgency is implied but not explicitly stated | Use of sensational language (e.g. 'swell in length and width immensely') | Use of a well-known publication (The Daily Mail) to add credibility | The email does not explicitly impersonate a known entity, but the sender's email address is from a legitimate-looking domain (newberg.k12.or.us) | The email's language and content are overly promotional and lack a clear call to action, which is unusual for a legitimate email."
121,False,False,True,low,1,groq_llama,0.0,Sender uses a free email provider
122,False,True,False,high,10,groq_llama,0.8,Offtopic would people from this list like to meet up for a drink in NovemberDecmeber | Want an email address like mine Get a free email account today at wwwmailcom | The email contains a suspicious link and a phishing attempt to steal email addresses.
123,False,False,True,low,0,groq_llama,0.0,
124,True,True,True,high,12,groq_llama,0.8,Urgency and threat to male power | Emotional appeal to love and competence | Use of a well-known company (Microsoft) to add credibility | Link to a potentially malicious website (httpdearcancom) | Impersonation of a company (Microsoft) or a person (Boris Petty)
125,True,True,True,high,12,groq_llama,0.8,"Urgency is not explicitly stated, but the use of 'Delightsome' and 'Excellentmade' may be intended to create a sense of excitement and trust. | The email contains a suspicious link, although it's not provided in the email body. | The email may be attempting to steal credentials through phishing, as it's trying to lure the user to a potentially malicious website. | The sender's email address, NickgrenoblePage@wileyrein.com, may be spoofed, as it appears to be from a legitimate company (Wiley Rein), but the username is unusual. | The email contains suspicious language and may be attempting to steal credentials through phishing."
126,False,False,True,low,0,rule_based_fallback,0.0,Fallback rule-based semantic analysis used. Error: Unterminated string starting at: line 169 column 5 (char 7484)
127,False,False,True,low,0,groq_llama,0.0,
128,True,True,True,high,12,groq_llama,1.0,"Urgency: None | Threat: None | Impersonation: None | Urgency and Threat indicators are missing, but the email contains a provocative and attention-grabbing subject line and body, which is a common tactic used in phishing emails to lure victims into clicking on malicious links or providing sensitive information. | The email does not contain any direct requests for sensitive information, but the provocative content may be used to trick the victim into clicking on a malicious link that could lead to credential theft."
129,True,True,True,high,10,groq_llama,0.8,Urgency: None | Threat: None | Impersonation: None | Language: Informal and promotional | Intent: Sales and promotion
130,False,False,True,low,0,groq_llama,0.0,
131,True,True,True,high,12,groq_llama,0.8,"Urgency is implied by 'very important' | Use of a well-known brand (ROLEX) to create a sense of legitimacy | Use of a generic phrase ('Get the Finest') to create a sense of exclusivity | No direct request for credentials, but may be a phishing attempt to gather information | Sender's email address does not match the name 'Evan Barker'"
132,True,True,True,high,12,groq_llama,0.8,Urgency (Today) | Sense of FOMO (Save up to 85 100) | Lack of personalization ( generic sender name) | Poor grammar and spelling | Potential phishing link (httpresponsibilityportcom)
133,False,False,True,low,0,groq_llama,0.0,The email appears to be a genuine discussion on a Python development mailing list.
134,True,True,True,medium,5,groq_llama,0.5,"Urgency is not explicitly mentioned, but the email tries to create a sense of convenience and attractiveness to order products. | The sender's email address 'vduidbet@bpl-global.com' is not a well-known or reputable company, which could be a sign of impersonation. | The email's language and intent seem to be focused on promoting products, but the sender's email address raises some suspicions."
135,False,False,True,low,0,groq_llama,0.0,
136,True,True,True,high,10,groq_llama,0.8,"Urgency is not explicitly stated, but the subject 'Great power' could be used to create a sense of importance. | The sender's email address 'tengqi@mail.china.com' could be spoofed. | The email contains a suspicious link-less body with a potentially misleading subject."
137,False,False,True,low,0,groq_llama,0.0,
138,True,True,True,medium,5,groq_llama,0.5,"Urgency is not explicitly stated, but the use of 'Alert' and 'FULL STORY' may create a sense of importance. | The email asks the recipient to 'Self check list to determine your financial health', which may be a legitimate request, but it's also a potential social engineering tactic. | The sender's email address 'ARTHUR-refualhc@apcoworldwide.com' does not match the typical CNN email format, which may indicate impersonation. | The email's content and sender's email address raise some suspicions, but they are not strong indicators of phishing."
139,False,False,True,low,0,groq_llama,0.0,
140,False,True,False,medium,5,groq_llama,0.5,"Lack of clear context or purpose in the email | Use of a potentially legitimate email thread to hide malicious intent | The email appears to be a legitimate thread continuation, but the subject line and content suggest a potential attempt to manipulate the recipient's actions."
141,False,False,True,low,0,groq_llama,0.0,
142,False,True,False,high,12,groq_llama,0.9,"Urgency is implied by the subject 'reset 42' | The email asks the user to register their products, which could be a phishing attempt | The email contains a password prompt, which could be a phishing attempt to steal credentials | The email is from a sender that may be impersonating a legitimate company (Network Services) | The email contains suspicious language and prompts that could be used for phishing or credential theft."
143,True,True,True,high,12,groq_llama,0.8,Urgency is implied by the use of 'SpecialPrices' | The email contains a suspicious link that may be a phishing attempt | The email may be attempting to trick the user into revealing sensitive information | The sender's email address is not a standard corporate email address | The email contains a suspicious link and uses language that implies urgency and potential phishing.
144,True,True,True,high,10,groq_llama,0.8,Urgency is implied with 24 hour client support | Use of 'free' as a lure | Implication of a wide range of products (medications) to appeal to a broad audience | Lack of a clear brand name or logo | Unusual email address (bwpigment@dia.net)
145,True,True,True,high,10,groq_llama,0.8,"Urgency is implied with the phrase 'finally achieved' | Emotional appeal with 'satisfied men and their girlfriends' | Guaranteed results with 'gains of up to 13 inches' and 'results are guaranteed' | The sender's email address is not a typical business email address | The email contains language and phrases commonly used in spam and phishing emails, and the sender's email address is suspicious."
146,True,True,True,high,12,groq_llama,0.8,Urgency to refill paperwork | Promise of low-cost medication | No doctor fees or prescriptions needed | Many shipping options available | Use of all capital letters for emphasis
147,False,False,True,low,2,groq_llama,0.0,"{'indicator': ""The sender's email address (cmiqlkx91@hotpop.com) is not a typical email address for a legitimate opensuse community member."", 'confidence': 0.5} | The email is a legitimate discussion on a technical topic, but the sender's email address is suspicious."
148,True,True,True,high,10,groq_llama,0.8,Urgency is implied by the phrase 'Gain a huge cannon for love' | The email uses a romantic theme to manipulate the recipient | The email contains a suspicious link (httpdearbrightcom) | The sender's email address (Pete@hdo.in) may be spoofed | The email's language and content are overly promotional and contain suspicious links.
149,True,True,True,high,10,groq_llama,0.8,Urgency: None | Threat: None | Impersonation: Possible ( Omega replica watch Same quality at lower price ) | Language: Informal and promotional | Intent: Sales or promotion
150,False,False,True,low,0,groq_llama,0.0,
151,False,False,True,low,1,groq_llama,0.0,Sender uses a free email provider | The email appears to be a legitimate discussion about a bug/enhancement request in a Perl project.
152,True,True,True,high,10,groq_llama,0.8,"use of nonsensical subject line | abnormal sender email address | abnormal email body content | abnormal sender email address | The email contains a nonsensical subject line and body content, which may be an attempt to evade spam filters and grab the user's attention. The sender's email address is also abnormal."
153,True,True,True,high,8,groq_llama,0.7,"Urgency is not explicitly stated, but the email is trying to engage the user with a sense of importance by providing a list of top 10 stories. | The email is trying to create a sense of FOMO (fear of missing out) by providing a list of current events. | The email is impersonating CNN.com, but the sender's email address is not a legitimate CNN.com email address. | The email is trying to create a sense of trust by including a link to CNN.com's feedback page and privacy guidelines. | The email is semantically suspicious because it is trying to engage the user with a sense of importance and urgency, and it is impersonating CNN.com without using a legitimate email address."
154,True,True,True,high,12,groq_llama,0.8,"Urgency: None | Threat: None | Impersonation: Tara Elmore claims to be a client, but the email is unsolicited | Language: Informal and misspelled | No direct request for credentials, but may be a phishing attempt"
155,True,True,True,high,12,groq_llama,0.8,"Urgency (immediate download) | Lack of personalization (generic greeting) | Unrealistic offer (cheapest software offer) | Untrustworthy link (httpfrepigolesscom) | No clear indication of credential theft, but the email may be a precursor to a phishing attack"
156,False,False,True,low,0,groq_llama,1.0,The email appears to be a legitimate call for papers for a conference.
157,False,False,True,low,0,groq_llama,1.0,The email appears to be a genuine technical discussion between two individuals.
158,True,True,True,high,12,groq_llama,0.8,"Urgency is implied by the use of 'ValuedCustomer' | The email contains a suspicious link with a long and random-looking URL | The email is trying to create a sense of importance and exclusivity | The email is trying to trick the user into clicking on a link, which could potentially lead to a phishing site | The email is trying to create a sense of urgency, which could lead to the user revealing sensitive information"
159,True,True,True,high,10,groq_llama,0.8,Urgency: None | Threat: None | Impersonation: Possible (Jonny Cy may be impersonating a legitimate sender) | Language: Informal and provocative | Intent: Malicious (likely to trick the user into visiting a malicious site)
160,False,True,False,high,8,groq_llama,0.8,Urgency to complete a survey | Promise of a reward for participating | Request for sensitive information (email address for unsubscribe) | Lack of personalization despite claiming to know the recipient's preferences | Impersonation of a well-known brand (Casual Male XL)
161,False,True,False,high,13,groq_llama,0.8,"Sender uses a free email provider | Urgency: None | Threat: None | Impersonation: Possible (Rara Avis may be impersonating a legitimate sender) | Credential theft indicators: 'Do You Yahoo' and 'http://mail.yahoo.com' are attempts to redirect the user to a legitimate-looking Yahoo page, potentially to steal credentials"
162,False,False,True,low,1,groq_llama,0.0,Sender uses a free email provider | The email appears to be a legitimate discussion thread from a Python mailing list.
163,False,False,True,low,0,groq_llama,0.0,"The email appears to be a genuine conversation between two individuals, Roger Meyer and Tony Meyer, discussing a quiz theme."
164,True,True,True,medium,5,groq_llama,0.0,"Urgency is not present in the email, but it's trying to engage the user with a list of top 10 stories. | The email is impersonating CNN.com, but the sender's email address is not a legitimate CNN.com address. | The email is trying to engage the user with a list of top 10 stories, but it's not clear what the purpose of the email is. The sender's email address is not a legitimate CNN.com address."
165,True,False,False,low,0,rule_based_fallback,0.0,"Fallback rule-based semantic analysis used. Error: Expecting ',' delimiter: line 6 column 27 (char 141)"
166,False,True,False,medium,5,groq_llama,0.5,"The email is a reply to a previous conversation, which could be a legitimate attempt to engage with the recipient. | The email is from a sender with a non-standard email address (iybz@pobox.com), which could be an attempt to impersonate a well-known figure in the Python community (Guido). | The email's content and sender's address raise some suspicions, but the risk is low due to the lack of explicit threats or urgent requests."
167,True,True,True,high,12,groq_llama,0.8,"Urgency: The email creates a sense of urgency with the phrase 'Cheat your way into Ivy League' | Social Engineering: The email tries to create a sense of exclusivity and prestige with the mention of Ivy League | Impersonation: The email is impersonating CNN, but the sender's email address is suspicious | The email asks you to click on a link to manage your settings, which could potentially lead to phishing | The email is impersonating CNN, but the sender's email address is suspicious"
168,False,False,True,low,0,groq_llama,0.0,"The email appears to be a genuine call for applications for a scholarship award, with no signs of phishing or malicious intent."
169,True,True,True,high,12,groq_llama,0.8,"Urgency is not explicitly stated, but the use of multiple keywords like 'excellent', 'passport', and 'ministry' may be an attempt to create a sense of importance. | The email contains a long, nonsensical body, which may be an attempt to overwhelm the recipient and make them more susceptible to phishing. | The email may be attempting to trick the recipient into revealing sensitive information, such as passport details. | The email appears to be impersonating a government agency or ministry, as indicated by the use of the word 'ministry' in the subject line. | The email's subject line and body contain a mix of nonsensical words and keywords that may be an attempt to create a sense of urgency and importance."
170,True,True,True,high,10,groq_llama,0.8,Urgency is implied by the promise of 'just few months' results | The email uses a personal and emotional appeal ('buy her lover') to create a sense of interest | The email promises 'free consultations with licensed physicians' which may be a tactic to gain trust | The email does not clearly state the sender's affiliation or purpose | The sender's email address 'ynjuncture@coopsei.com' may be spoofed or fake
171,True,True,True,high,8,groq_llama,0.7,"Urgency is not explicitly stated, but the email is trying to engage the user with a sense of importance by listing top 10 stories. | The email is trying to create a sense of FOMO (fear of missing out) by listing recent events. | The sender's email address is auseated_1983@2hb.co.uk, which does not match the typical CNN.com email address format. | The email is trying to impersonate CNN.com by using their logo and branding. | The email is semantically suspicious due to the unusual sender email address and the attempt to impersonate CNN.com."
172,True,True,True,high,7,groq_llama,0.7,"Sender uses a free email provider | Urgency (limited proposal until 30th of September) | Personal life and intimacy as a topic to gain trust | The email uses a personal topic to gain trust and creates a sense of urgency, but lacks specific details and a clear call-to-action."
173,True,True,True,high,10,groq_llama,0.8,"Urgency is implied by the promise of 'lower price' | The email uses a vague and unclear subject line | The sender's email address is suspicious and may be spoofed | The sender's email address is not a standard or well-known email address | The email's language and subject line suggest a phishing attempt, and the sender's email address is suspicious."
174,False,False,True,low,1,groq_llama,0.0,Sender uses a free email provider
175,False,False,True,low,0,groq_llama,0.0,
176,False,False,True,low,0,groq_llama,0.0,
177,True,True,True,medium,5,groq_llama,0.5,"Urgency is not explicitly mentioned, but the tone is promotional and trying to create a sense of trust. | The sender's email address is not a typical business email address, which could be a red flag. | The email's language and tone are overly promotional, and the sender's email address is suspicious."
178,False,False,True,low,0,groq_llama,1.0,The email appears to be a genuine discussion on a technical topic and does not exhibit any suspicious language or intent.
179,False,False,True,low,0,groq_llama,0.0,
180,True,True,True,high,10,groq_llama,0.8,"Urgency: The email tries to create a sense of urgency by providing a list of top 10 videos and stories, which may encourage the recipient to click on the links without verifying their authenticity. | Impersonation: The email is impersonating CNN.com, but the sender's email address is reyof0@paulhermanmotorcars.com, which is not a legitimate CNN.com email address. | The email is semantically suspicious due to its attempt to impersonate CNN.com and create a sense of urgency."
181,True,True,True,high,8,groq_llama,1.0,Urgency: None | Threat: None | Impersonation: None | Urgency: None | Threat: None
182,False,False,True,low,0,groq_llama,0.0,"The email is a legitimate discussion on a Python mailing list, discussing a proposed feature for the Python language."
183,False,False,True,low,0,groq_llama,1.0,The email appears to be a genuine discussion on a Python development mailing list.
184,False,False,True,low,0,rule_based_fallback,0.0,"Fallback rule-based semantic analysis used. Error: Expecting ',' delimiter: line 6 column 60 (char 177)"
185,False,False,True,low,0,groq_llama,0.0,
186,True,True,True,high,10,groq_llama,0.8,"Urgency is implied with the use of '2008' to create a sense of time-limited opportunity | The email uses a sensational and exaggerated claim ('super size', 'gains of up to 13 inches guaranteed') to grab attention | The email uses a fake sense of authority ('rated as 1 by healthcare professionals') to build trust | The sender's email address is suspicious and may be a fake or spoofed address | The email contains language and tactics commonly used in phishing and spam emails, including exaggerated claims, fake authority, and a suspicious sender address."
187,False,True,False,medium,4,groq_llama,0.5,"Sender uses a free email provider | The email is a reply to a previous conversation, which may be a legitimate reason for the sender to reach out. | The email is a reply to a legitimate conversation, but it may be used as a pretext for phishing if the sender were to ask for sensitive information."
188,True,True,True,high,10,groq_llama,1.0,"Urgency is not explicitly stated, but the tone is unusual and may be intended to create a sense of curiosity. | The sender's email address is not a typical corporate or government email address, which may indicate impersonation. | The email contains a cryptic and potentially malicious link, and the sender's email address is suspicious."
189,True,True,True,high,10,groq_llama,0.8,"Urgency: The email creates a sense of urgency by stating 'Try it today'. | Social Proof: The email claims to help the recipient achieve their dreams of 'super size', implying a sense of social proof. | Lack of Personalization: The email does not address the recipient by name, which is unusual for a legitimate email. | Impersonation: The email may be impersonating a legitimate company or individual, as it uses a generic subject line and a suspicious sender email address. | The email's language and intent are suspicious, and it may be a phishing attempt."
190,False,False,True,low,0,groq_llama,0.0,"The email appears to be a genuine notification from a project management system, and there are no obvious signs of phishing or social engineering."
191,False,False,True,low,1,groq_llama,0.0,Sender uses a free email provider
192,True,True,True,high,10,groq_llama,0.8,"Urgency is not explicitly stated, but the email is trying to engage the user with a list of top 10 videos and stories. | The email is trying to create a sense of curiosity and interest in the user by providing a list of sensational and attention-grabbing headlines. | The sender's email address 'nepaksde_1985@1andchuta.com' is not a legitimate CNN email address. | The email is trying to impersonate CNN by using their logo and branding, but the sender's email address is suspicious. | The email is semantically suspicious due to the sender's email address and the attempt to impersonate CNN."
193,False,False,True,low,0,groq_llama,0.0,
194,True,True,True,high,10,groq_llama,0.8,"Urgency is not explicitly mentioned, but the tone is playful and attention-grabbing | The email asks the recipient to take part in a poll, which could be a tactic to gather information | The email mentions a third-party email client, which could be a phishing attempt | The sender's email address appears to be from a school domain, but the subject and body do not match the typical tone of a school email | The email's subject and body do not match the typical tone of a school email, and the mention of a third-party email client raises suspicions"
195,False,True,False,high,7,groq_llama,0.0,"The email contains a link to a SourceForge.net tracker, which may be used to phish for credentials. | The email contains a link to a SourceForge.net tracker, which may be used to phish for credentials. | The email is from SourceForge.net, but it contains a link to a tracker that may be used to phish for credentials. | The email contains a link to a SourceForge.net tracker, which may be used to phish for credentials."
196,True,True,True,high,12,groq_llama,0.8,Urgency to buy low cost generic pharmaceutical products | Use of a trusted and fully licensed International online store | Promise of incredibly low prices | Use of a Verified by VISA claim to gain trust | Request for confidential purchase
197,True,True,True,medium,5,groq_llama,0.0,"Urgency is not present in the email, but it's trying to engage the user with a list of top 10 stories. | The email is trying to impersonate CNN.com by using their logo and branding. | The sender's email address is not a legitimate CNN.com email address. | The email is trying to impersonate CNN.com by using their logo and branding. | The email is trying to impersonate CNN.com and engage the user with a list of top 10 stories."
198,False,False,True,low,0,groq_llama,0.0,
199,False,True,False,medium,5,groq_llama,0.5,"The email asks the recipient to email the sender with questions and bids, which could be a way to initiate a conversation and build trust. | The email is from a generic sender address (xycn-vtnhz@perl.org) and does not appear to be from a legitimate company or organization. | The email is a job posting, but it asks the recipient to email the sender with questions and bids, which could be a way to initiate a conversation and build trust."
